name,ghs
A,62sh
A. NARVAEZ,62s
ABTAO,62sh
ACAPULCO,62s
ACARIO COTAPOS BAEZA,62sh
ACCESO A ANGELMO,62s
ACCESO CABAÑAS BOLOGNA,62sh
ACCESO CLUB AEREO,62sh
ACCESO CLUB NAUTICO,62s
ACCESO ESTANQUE DE AGUA,62sh
ACCESO HOSPITAL,62sh
ACCESO MONASTERIO,62sh
ACCESO MUELLE,62s
ACCESO PARQUE MUNICIPAL,62sh
ACHAO,62sh
ACHEN,62sh
ACHOCARA,62sh
ACONCAGUA,62sh
ACRUX,62sh
ACTINOLITA,62sh
ADAM SMITH,62sh
ADELA VON HAGEN,62sh
AERODROMO,62sh
AERODROMO AYACARA,62sh
AERODROMO CONTAO,62sh
AERODROMO EL MIRADOR,62sh
AERODROMO HUALAHUE,62sh
AERODROMO PUMALIN,62sh
AERODROMO RODELILLO,62sh
AEROPUERTO BALMACEDA,62sh
AEROPUERTO CALDERA,62sh
AEROPUERTO CERRO MORENO,62sh
AEROPUERTO CHACALLUTA,62sh
AEROPUERTO FRANCO BIANCO,62sh
AEROPUERTO INDEPENDENCIA,62sh
AEROPUERTO PALENA,62sh
AEROPUERTO PICHOY,62sh
AEROPUERTO VIDAL,62sh
AGATA,62sh
AGUAMARINA,62sh
AGUILAS BLANCAS,62sh
AILYN,62sh
ALADIN,62sh
ALAO,62sh
ALASKA,62sh
ALBERTO GOECKE,62sh
ALBERTO VALENZUELA,62sh
ALBORADA,62sh
ALCALA DE HENARES,62sh
ALCALDE,62sh
ALCALDE RAMON YURASZECK,62sh
ALDACHILDO,62sh
ALDEBARAN,62sh
ALEGRIA,62sh
ALEJANDRITA,62sh
ALEJANDRO MEERSOHN,62sh
ALEJANDRO SCHMAUCK,62sh
ALEJANDRO SELKIRK,62sh
ALEJANDRO SHWERTER GALLARDO,62sh
ALEJANDRO VIII,62sh
ALEJANDRO VOLTA,62sh
ALENTUE,62sh
ALEPUE,62sh
ALESSANDRI,62s 62sh
ALFONSO LENG HAYGUD,62sh
ALFONSO LETELIER LLONA,62sh
ALFREDO ESPINOZA,62sh
ALICANTE,62sh
ALIHUENKO,62sh
ALMEIDA,62sh
ALMERA,62sh
ALMERIA,62sh
ALMISAN,62sh
ALONSO DE ERCILLA,62sh
ALONSO DE OVALLE,62sh
ALONSO DE RIVERA,62sh
ALPATACAL,62sh
ALPES DE NORMANDIA,62sh
ALTAIR,62sh
ALTAMAR,62s
ALTO PIAMONTE,62sh
AMANECER DE ALICANTE,62sh
AMATISTA,62sh
AMBAR,62sh
AMERICO VESPUCIO,62sh
AMISTAD,62sh
AMOR PATRIO,62sh
AMULEN,62sh
AMUNATEGUI,62sh
ANA FRANK,62sh
ANA GONZALEZ OLEA,62sh
ANA MARIA OLMOS,62sh
ANA MARIA SHADOW,62sh
ANA MARÍA KRUMWIDE,62sh
ANCUD,62sh
ANDACOLLO,62sh
ANDALUCIA,62sh
ANDINA,62sh
ANDRES BELLO,62sh
ANDROMEDA,62sh
ANGELMO,62s 62sh
ANGOL,62sh
ANHELOS,62sh
ANIBAL PINTO,62sh
ANITA ZANINNI,62s
ANORTOSITA,62sh
ANTAMO,62sh
ANTECAO,62sh
ANTIHUAL,62sh
ANTILEF,62sh
ANTILLANCA,62sh
ANTONIO MARTINEZ,62sh
ANTONIO VARAS,62sh
APENINOS,62sh
APIAO,62sh
AQUILES DESCOUVIERES,62sh
ARANJUEZ,62sh
ARARAT,62sh
ARAUCANIA,62sh
ARAUCO,62sh
ARCHIPIELAGO JUAN FERNANDEZ,62sh
ARCTURUS,62sh
ARIZONA,62sh
ARMONIA,62sh
ARQUEN,62sh
ARREBOL NORTE,62sh
ARREBOL SUR,62sh
ARROYO CIARO,62sh
ARTEMIO MANSILLA,62sh
ARTEMIO RUIZ,62sh
ARTESANOS,62sh
ARTURO CASANOVA,62sh
ARTURO GODOY,62sh
ARTURO HERNAEZ,62sh
ARTURO MONTECINOS ROSAS,62sh
ARTURO NARVAEZ,62sh
ARTURO PACHECO ALTAMIRANO,62sh
ARTURO PEREZ,62sh
ARTURO PRAT,62sh
ARTURO PRATT INTERIOR,62sh
ASERRADERO,62sh
ASERRADERO CENTENARIO,62sh
ASTILLEROS INMAR,62sh
ATACAMA,62sh
AUCHA,62sh
AUGUSTO GOECKE,62sh
AUGUSTO TRAUTMANN,62sh
AURORA,62sh
AUSTRAL,62sh
AVELINO BRAVO,62sh
AVENIDA 2,62s
AVENIDA 2 ORIENTE,62sh
AVENIDA 3,62s
AVENIDA COLONIA ALERCES,62sh
AVENTURINA,62sh
AYACARA,62sh
AYEKAN,62sh
AYELEN,62sh
AYSEN,62sh
AYUN,62sh
AZABACHE,62sh
AÑIHUE,62sh
B,62sh
BABOR - NUEVA 9,62sh
BAHIA EXPLORADORES,62sh
BAHIA MANSA,62sh
BAJO PISAGUA,62sh
BALCANES,62sh
BALCON DE LIGURIA,62sh
BALMACEDA,62sh
BALMACEDA INTERIOR,62sh
BANDERA,62sh
BAQUEDANO,62sh
BARCELONA,62sh
BARI,62sh
BARLOVENTO,62s 62sh
BARRANCAS,62sh
BARRIO FELIZ,62sh
BARROS ARANA,62sh
BASILICATA,62sh
BATUTA,62sh
BELEN,62sh
BELLATRIX,62sh
BELLAVISTA,62sh
BELTOLDO HILTER,62sh
BENAVENTE,62sh
BENEDICTO XII,62sh
BENJAMIN FRANKLIN,62sh
BERLIN,62sh
BERNARDO ABARZUA,62sh
BERNARDO DROPPELMAN,62sh
BERNARDO O'HIGGINS,62sh
BERNARDO PHILIPPI,62sh
BERNARDO PHILLIPI,62sh
BERNARDO QUINTANA MANSILLA,62s
BERTOLDO SCHMIDT HAUSDORF,62sh
BETEL GEUSE,62sh
BIENVENIDOS,62sh
BILBAO,62sh
BIMA,62sh
BIOBIO,62sh
BLANCO ENCALADA,62sh
BOHLE,62sh
BOMBERO BERTOLDO BINDER,62sh
BOMBERO GUILLAERMO GREBE,62sh
BOMBERO GUILLERMO GEIWITZ BAHAMONDE,62sh
BOMBERO LUIS A. MANSILLA,62sh
BORDE,62sh
BORDE CERRO,62s
BORQUEZ,62sh
BORQUEZ 2,62sh
BOSQUE AMARILLO,62s
BOSQUE AZUL,62sh
BOSQUE CADUCO,62s 62sh
BOSQUE DE AGUA,62s
BOSQUE DE LUZ,62sh
BOSQUE DE VIENTO,62s
BOSQUE ESMERALDA,62sh
BOSQUE ESTIVAL,62sh
BOSQUE NATIVO,62sh
BOSQUE NORTE,62sh
BOSQUE ROJO,62s 62sh
BOSQUE SUR,62sh
BOSQUE VERDE,62sh
BOSTON,62sh
BREMEN,62sh
BRUNILDA DAGENNE R.,62sh
BUCALEMU,62sh
BUENA VECINDAD,62sh
BUENOS AIRES,62s 62sh
BUIN,62sh
BUTALCURA,62sh
C,62sh
CABO 12 DE FEBRERO,62sh
CABO DE CARRANZA,62sh
CABO PUYUHUAPI,62sh
CACIQUE ANTIÑIRE,62sh
CACIQUE CAYENEL,62sh
CADIZ,62sh
CAHUACHE,62sh
CAHUELMO,62sh
CAILEO,62sh
CAIMAIPO,62sh
CAIQUENES,62sh
CALBUCO,62sh
CALDERA,62sh
CALEN,62sh
CALETA ANGELMO,62sh
CALETA BUILL,62sh
CALETA CAMEHUAPI,62sh
CALETA EL MANZANO,62sh
CALETA GONZALO,62sh
CALETA HUAPI,62sh
CALETA HUEICOLLA,62sh
CALETA LA ARENA,62sh
CALETA MAICOLPUE,62sh
CALETA PESQUERA,62s
CALETA PUELCHE,62sh
CALETA QUETALMAHUE,62sh
CALETA SANTA BARBARA,62sh
CALETA TORTEL,62sh
CALETA TORTEL NORTE,62sh
CALETERA AVENIDA PRESIDENTE SALVADOR ALLENDE,62sh
CALETERA CARRETERA A PARGUA (RUTA 5),62
CALETERA PANAMERICANA SUR,62s 62sh
CALETERA PARQUE INDUSTRIAL,62sh
CALLAO,62sh
CALLAQUEN,62sh
CALLE 1,62sh
CALLE 1 ORIENTE,62sh
CALLE 11,62sh
CALLE 12,62sh
CALLE 15,62sh
CALLE 16,62sh
CALLE 2,62s 62sh
CALLE 21 DE MAYO,62sh
CALLE 22 DE JUNIO,62sh
CALLE 22 DE MAYO,62sh
CALLE 27 DE ABRIL,62sh
CALLE 3,62s 62sh
CALLE 3 DE JUNIO,62sh
CALLE 4,62s
CALLE 44,62sh
CALLE 47,62sh
CALLE 5,62s 62sh
CALLE 5 DE ABRIL,62sh
CALLE 7,62s 62sh
CALLE 8,62sh
CALLE 9,62sh
CALLE CEMENTERIO,62s
CALLE DOS,62sh
CALLE FEDERICO HOFFMAN,62s
CALLE UNO,62sh
CAMILO HENRIQUEZ,62sh
CAMILO MORI,62sh
CAMILO MORI SERRANO,62sh
CAMINO A CUMBRE CORTADA,62s
CAMINO A FABRICA,62sh
CAMINO A LA ISLA,62s
CAMINO A POZO LASTRE,62sh
CAMINO AL MAR,62s
CAMINO AL VERTEDERO,62sh
CAMINO ALERCE,62sh
CAMINO ALTO LA PALOMA,62sh
CAMINO DEL ALBA,62sh
CAMINO EL RINCON,62s 62sh
CAMINO EL TEPUAL,62sh
CAMINO FUNDO PELLUCO,62s
CAMINO INTERIOR LOS VOLCANES,62sh
CAMINO LA ISLA,62s
CAMINO LA PASTORA,62s
CAMINO LOS IGORES,62s
CAMINO SIN NOMBRE,62sh
CAMINO SIN NOMBRE EX LINEA FERREA,62sh
CAMINO VECINAL AL MONTE,62s 62sh
CAMINO VECINAL JOVITA,62sh
CAMINO VIEJO CHAMIZA,62s
CAMPOS DE HIELO,62sh
CAMPU,62sh
CANAL ALBATROS,62sh
CANAL APIAO,62sh
CANAL BAKER,62sh
CANAL BEAGLE,62sh
CANAL CAICAEN,62sh
CANAL CANACUS,62sh
CANAL CHENIAO,62sh
CANAL COLDITA,62sh
CANAL DESERTORES,62sh
CANAL GUABUN,62sh
CANAL LADRILLERO,62sh
CANAL LEMUY,62sh
CANAL MORALEDA,62sh
CANAL NINUALAC,62sh
CANAL PICTON,62sh
CANAL PULUCHE,62sh
CANAL QUEHUI,62sh
CANAL QUINCAVI,62sh
CANAL REFUGIO,62sh
CANAL SARMIENTO,62sh
CANAL TENGLO,62s
CANAL WIDE,62sh
CANCHA RAYADA,62sh
CANO Y ALPONTE,62sh
CANOPUS,62sh
CANTABRIA,62sh
CANTERA DE LOMBA,62sh
CANTERAS,62sh
CAPELIA,62sh
CAPILLITAS,62s
CAPITAN AVALOS,62sh
CAPITAN GARCIA,62sh
CAPITAN OSCAR WOLNER,62sh
CAPITAN PRAT,62sh
CARAHUE,62sh
CARDENAL ANGELO FELICI,62sh
CARDENAL CARLO FRUNO,62sh
CARDENAL CARLOS CAFFARRA,62sh
CARDENAL CARLOS OVIEDO CAVADA,62sh
CARDENAL CLAUDIO HUMMES,62sh
CARDENAL DINO MONDUZZI,62sh
CARDENAL FCO. JAVIER ERRAZURIZ,62sh
CARDENAL FRANCISCO JAVIER ERRAZURIZ,62sh
CARDENAL GIACOMO BIFFI,62sh
CARDENAL GILBERTO AGUSTONI,62sh
CARDENAL JORGE MEDINA ESTEVEZ,62sh
CARDENAL JOSE MARIA CARO,62sh
CARDENAL JUAN FCO. FRESNO,62sh
CARDENAL LORENZO AGUSTONI,62sh
CARDENAL LORENZO ANTONETTI,62sh
CARDENAL NORBERTO RIVERA,62sh
CARDENAL RAUL SILVA HENRIQUEZ,62sh
CARDENAL ROGER ETCHEGARAY,62sh
CARDENAL SEVERINO POLETTO,62sh
CARDENAL WALTER KASPER,62sh
CARDONAL,62sh
CARELMAPU,62sh
CAREN,62sh
CARILEMU,62sh
CARLOS CONDELL,62sh
CARLOS IBAÑEZ,62sh
CARLOS ISAMIT ALARCON,62sh
CARLOS MILLER,62sh
CARLOS PEZOA VELIZ,62sh
CARLOS WEIL HUBE,62sh
CARLOS WINKLER,62sh
CARLOS WOEHLKE,62sh
CARLOS WOLKE,62sh
CARMELA,62sh
CARMEN MACKENNA,62sh
CAROLINA,62sh
CARPATOS,62sh
CARRERA,62sh
CARRETERA AUSTRAL,62s 62sh
CARRIEL SUR,62sh
CARTAGENA,62sh
CASTILLA,62sh
CASTOR,62sh
CASTRO,62sh
CATALINA DE LOS RIOS,62sh
CATEMU,62sh
CATRUMAN,62sh
CAUCAHUE,62sh
CAUPOLICAN,62sh
CAUQUENES,62sh
CAUTIN,62sh
CAVANCHA,62sh
CAYENEL,62sh
CELEDONIO OJEDA,62sh
CEMENTERIO CHINQUIHUE,62s
CENTRAL,62sh
CERAMISTAS,62sh
CERRILLOS,62sh
CERRO AZUL,62sh
CERRO BUFALO,62sh
CERRO CAMPANA,62sh
CERRO CANUTILLAR,62sh
CERRO CASTILLO,62sh
CERRO CUIFE,62sh
CERRO HURON,62sh
CERRO JUAN LUIS,62sh
CERRO LA VIRGEN,62sh
CERRO MELLIZOS,62sh
CERRO NEGRO,62sh
CERRO SOMBRERO,62sh
CERRO TRONADOR,62sh
CERRRO COLORADO,62sh
CERRRO CORONA,62sh
CERVANTES,62sh
CERVECERIA STANGE,62sh
CHACABUCO,62sh
CHACAO,62sh
CHACAYAL,62sh
CHACAYUTA,62sh
CHADNO,62sh
CHAGUAL,62sh
CHAITEN,62sh
CHAMIZA,62sh
CHANCO,62sh
CHAQUIAN,62sh
CHAUFINEO,62sh
CHELIN,62sh
CHICAVI,62sh
CHILCA,62sh
CHILE,62sh
CHILE CHICO,62sh
CHILLAN,62sh
CHILOE,62sh
CHINCOLEF,62sh
CHINQUIHUE,62s 62sh
CHINQUIHUE 2,62s
CHINQUIHUE 4,62s
CHONCHI,62sh
CHONOS,62s
CHORRILLOS,62sh
CHOSHUENCO,62sh
CHUCUMATA,62sh
CIPRESES,62sh
CIPRIANO AROS,62sh
CIRCUNVALACION,62sh
CIRCUNVALACION NORTE SUR,62sh
CIRCUNVALACION NORTE SUR 1,62sh
CIRCUNVALACION NORTE SUR 4,62sh
CIRUELILLOS,62s 62sh
CIRUJANO VIDELA,62sh
CLARO DE LUNA,62sh
CLAUDE MONET,62s
CLAUDIO ARRAU,62sh
CLAUDIO BRAVO,62sh
CLEMENTE XIV,62sh
CLODOMIRO ROSAS,62sh
CLOUDE DE JOUFFROY,62sh
CODPA,62sh
COINCO,62sh
COLEGUAL,62sh
COLINA DE TOSCANA,62sh
COLO COLO,62sh
COLONO ALBERTO BURDACH,62sh
COLONO CLEMENTE SOTO,62sh
COLONO CLODOMIRO PEREZ,62sh
COLONO DIETZEL,62sh
COLONO FELIPE GALLARDO,62sh
COLONO FELIPE OYARZUN,62sh
COLONO FOLTZ,62sh
COLONO FRANCISCO FONCK,62sh
COLONO FRANCISCO GEISSE,62sh
COLONO FRANCISCO PAREDES,62sh
COLONO GODEFFROY,62sh
COLONO GOLBERG,62sh
COLONO HORN,62sh
COLONO JOAHNA HOLZ,62sh
COLONO JOSE BORQUEZ,62sh
COLONO JOSÉ FELMER,62sh
COLONO JUAN BARRIENTOS,62sh
COLONO JUAN CARDENAS,62sh
COLONO JULIO ZELADA,62sh
COLONO JUNQUE,62sh
COLONO JUSTO NAVARRO,62sh
COLONO KARL GUNTER,62sh
COLONO KATHERINE SIEBERT,62sh
COLONO KERBS,62sh
COLONO LINCKE,62sh
COLONO MARIA SEIDEL,62sh
COLONO MARIANO ANGULO,62sh
COLONO MICHAEL,62sh
COLONO PASCUAL VARGAS,62sh
COLONO RAMON OJEDA,62sh
COLONO RICARDO CRASSAU,62sh
COLONO SILVESTRE DIAZ,62sh
COLONO TRUNQUE,62sh
COLONO WERNER,62sh
COMAU,62sh
COMPRENSION,62sh
COMPU,62sh
CONARIPE,62sh
CONCEPCION,62sh
CONCUMEN,62sh
CONDELL,62sh
CONDOMINIO BELLAVISTA,62sh
CONFIANZA,62sh
CONSTITUCION,62sh
CONSTITUCIÓN,62sh
CONTULMO,62sh
COPA DAVIS,62sh
COPA LOS LIBERTADORES,62sh
COPAHUE,62sh
COPIAPO,62sh
COQUIAO,62sh
CORAL,62sh
CORDILLERA,62sh
CORDOVEZ,62sh
CORONEL DEL CANTO,62sh
CORONEL PEDRO LAGOS,62sh
CORONEL R. HOLLEY,62sh
CORRENTOSO SUR,62s
COSTA TENGLO,62s
COSTANERA,62sh
COUIPAL,62sh
COVADONGA,62sh
COVARRUBIAS,62sh
COYHAIQUE,62sh
COÑALEF,62sh
COÑARIPE,62sh
CRISTIAN BRAHAN,62sh
CRISTOBAL COLON,62sh
CRISTOBAL COLON SUR,62sh
CRONICA,62sh
CRUCERO,62sh
CRUCERO INTERIOR,62sh
CRUZ DE LOS MARES,62sh
CUARTA TERRAZA,62sh
CUATRO DE JUNIO,62sh
CUCULI,62sh
CUMBRE,62sh
CUNACO,62sh
CUPAHUE,62sh
CURACO,62sh
CURAMIL,62sh
CUREPTO,62sh
CURIMAN,62sh
CUYEN,62sh
DAGOBERTO GODOY,62sh
DAITAO,62sh
DALCAHUE,62sh
DALMIRO CATALAN,62sh
DAVID RICARD,62sh
DEBER CUMPLIDO,62sh
DEL AMANECER,62sh
DEL ATARDECER,62sh
DEL MAR SUR,62sh
DEL MEDIODIA,62sh
DEL OCASO,62sh
DELICIAS,62sh
DENEB,62sh
DEPORTE,62sh
DETICO,62sh
DEUME,62sh
DI MAYOR,62sh
DIAGONAL GERMANIA,62sh
DIEGO DE ALMAGRO,62s 62sh
DIEGO DE ALMAGRO NORTE,62sh
DIEGO DUBLE URRUTIA,62sh
DIEGO PORTALES,62sh
DIEGO PORTALES INTERIOR,62sh
DIEZ,62sh
DINIS DIAZ,62sh
DIONE,62sh
DOCTOR BERNARDO PHILIPPI,62sh
DOCTOR FONCK,62sh
DOCTOR MARTIN,62sh
DOLORES PINCHEIRA,62sh
DOMINGO GOMEZ CORREA,62sh
DOMINGO SANTA CRUZ WILSON,62sh
DON BOSCO,62sh
DON GABRIEL,62sh
DON JUSTO CORONADO,62sh
DORNER,62s
DOROILLA,62sh
DOROTHEA HAENSEN,62sh
DOS,62sh
DOS ESTEROS,62sh
EBANISTAS,62sh
EBENSPERGER,62sh
ECOGLITA,62sh
ECUADOR,62s 62sh
EDITH PIAF,62sh
EDITORIAL,62sh
EDMUNDO LOBOS,62sh
EDUARDO DIAZ,62sh
EDUARDO FRANCO,62sh
EDUARDO HOFFMANN,62sh
EDUARDO WOLLETER,62sh
EDUCACION,62sh
EDUVIGES BORIA DE C.,62sh
EGAÑA,62sh
EJERCITO,62sh
EL ALCORNOQUES,62sh
EL AROMO,62sh
EL ARRECIFE,62sh
EL CHAGUAL,62sh
EL EDEN,62s
EL ENCANTO,62sh
EL ESFUERZO,62sh
EL ESTERO,62s
EL ESTUARIO,62sh
EL FIORDO,62sh
EL FUTURO,62sh
EL MIRADOR,62sh
EL NOGAL,62sh
EL PARQUE,62sh
EL PORTAL,62sh
EL QUILLAY,62sh
EL REBENQUE,62sh
EL REFUGIO,62s
EL RODEO,62sh
EL SALMON,62sh
EL SAUCE,62sh
EL TAMBO,62sh
EL TENIENTE,62sh
EL TEPUAL,62sh
EL TOFO,62sh
EL TRANQUE,62sh
EL VENTISQUERO,62sh
ELENA GONZALEZ,62sh
ELEUTERIO RAMIREZ,62sh
ELIZARDO BRAVO,62sh
ELOISA MALDONADO,62sh
ELTOQUI,62sh
EMILIANO FIGUEROA,62sh
EMILIO GUNTHER ULBRICH,62sh
EMPALME A CAMINO  EL TEPUAL,62sh
EMPALME A CARDONAL,62sh
EMPALME A RUTA 5 SUR,62sh
EMPALME PANAMERICANA,62sh
EMPALME PANAMERICANA SUR,62sh
ENRIQUE DE PORTUGAL,62sh
ENRIQUE GOMEZ CORREA,62sh
ENRIQUE MIQUEL,62sh
ENRIQUE OYARZO,62sh
ENRIQUE SORO BARRIGA,62sh
ENTRE VIENTOS,62sh
ENTRELAGOS,62sh
ERICA ALVARADO,62sh
ERNESTO HEIN,62sh
ESCALA RANCAGUA,62sh
ESCALERA,62sh
ESFUERZO,62sh
ESMERALDA,62sh
ESPAÑA,62sh
ESPERANZA,62s 62sh
ESPINELA,62sh
ESPINO BLANCO,62sh
ESQUISTO AZUL,62sh
ESTACION ANILHUE,62s 62sh
ESTACION GALVARINO,62s 62sh
ESTACION LANCO,62s 62sh
ESTACION MAFIL,62sh
ESTACION MARIQUINA,62s 62sh
ESTACION METRENCO,62sh
ESTACION MILLANTU,62sh
ESTACION QUEPE,62sh
ESTACION QUITRATUE,62sh
ESTACION VILCUN,62s 62sh
ESTADIO,62sh
ESTANCIA,62sh
ESTANISLAO,62sh
ESTERO LOBO,62sh
ESTERO LOBOS,62sh
ESTERO MANSO,62sh
ESTERP DEL COLIBRI,62sh
ESTRIBOR - NUEVA 14,62sh
EUGENIO SCHMIDT HAUSDORF,62sh
EUGENIO SCHMITH,62sh
EUSEBIO LILLO,62sh
EUSEBIO PIZARRO,62sh
EVAIDO HOFFMANN,62sh
EVANGELISTA,62s
EX LINEA FERREA,62s
EX LINEA FERRERA,62s 62sh
FARALLON,62sh
FARELLONES,62sh
FARGAS,62sh
FARO CABO RAPER,62sh
FARO EVANGELISTA,62sh
FARO PUERTO VERDE,62sh
FARO PUNTA CORONA,62sh
FARO QUIRIQUINA,62sh
FE,62sh
FEDERICO BUCHER,62sh
FEDERICO ERRAZURIZ,62sh
FEDERICO HEINLEIN FUNCKE,62sh
FEDERICO RINSCHE,62sh
FEDERICO SEGUNDO OELCKERS,62sh
FELIPE BARRIA,62sh
FELIX GALILEA MARTINEZ,62sh
FILADELFIA,62sh
FIORDO LETEFU,62sh
FITZ ROY,62sh
FLORENTINA,62sh
FLORENZ HAASE,62sh
FONTONE,62sh
FORTUOSO,62sh
FRANCISCO BILBAO,62sh
FRANCISCO DE ASIS,62sh
FRANCISCO ERRAZURIZ,62sh
FRANCISCO GEISSE,62sh
FRANCISCO MARQUEZ DE LA PLATA,62sh
FRANCISCO OTEY,62s
FRANCISCO PIZARRO,62sh
FRANCISCO SMYTHE,62sh
FRANCISCO VIVAR,62sh
FRANZ RENZ,62sh
FREDDY LINDEMAN,62s
FREIRE,62sh
FRESIA,62sh
FRESIA BENQUIZ,62sh
FRONTERA,62sh
FUENTE DE SEVILLA,62sh
FUENTE OVEJUNA,62sh
FUTALEUFU,62sh
GABRIELA MISTRAL,62sh
GACRUX,62sh
GALVARINO,62sh
GALVARINO RIVEROS,62s 62sh
GALVARINO VERA,62sh
GAMBOA,62sh
GANADERA AYSEN,62sh
GASPAR BOHLE,62sh
GASPAR MARIN,62sh
GASTON GOMEZ,62sh
GENERAL BULNES,62sh
GENERAL JUAN SOLER MANFREDINNI,62s 62sh
GENERAL LAGOS,62sh
GENERAL MANUEL BULNES,62sh
GENERAL MERINO BENITEZ,62sh
GENESIS,62sh
GEORG BINDER,62sh
GERMAN OELCKERS,62sh
GERMANIA,62sh
GIL DE EANES,62sh
GOLDA MEIR,62sh
GOLFO 3 MONTES,62sh
GOLFO DE ANCUD,62sh
GOLFO DE ARAUCO,62sh
GOLFO DE CORCOVADO,62sh
GOLFO DE NAPOLES,62sh
GOLFO DE PENAS,62sh
GOLFO SAN ESTEBAN,62sh
GONZALEZ,62sh
GOTTFRED MINTE,62sh
GRANADO,62sh
GRANATE,62sh
GRANITICO,62sh
GRANULITA,62sh
GREGORIO ANDRADE,62sh
GREGORIO ARGOMEDO,62sh
GUACOLDA,62sh
GUAFO,62sh
GUAMECAS,62sh
GUARDIAMO,62sh
GUAYASCA,62sh
GUIDO MALFATTI,62sh
GUILLERMO GALLARDO,62sh
GUILLERMO LOPETEGUI,62sh
GUILLERMO STANGE WTSEL,62sh
GUSTAVO BECERRA SCHMIDT,62sh
HACIENDA SANTA ROSA,62sh
HADAR,62sh
HANGA ROA,62sh
HARDY WISTUBA STANGE,62sh
HELLEN KELLER,62sh
HELMUT STANGE,62sh
HENO GRIEGO,62sh
HENRI MATISSE,62s
HENRI ROUSSEAU,62s
HERNAN CANAS FLORES,62sh
HERNAN MERINO CORREA,62sh
HERNANDO DE MAGALLANES,62sh
HIERBA SANTA,62sh
HIMALAYAS,62sh
HISPANIA,62sh
HOGAR DE CRISTO,62sh
HORACIO ECHECOYEN,62sh
HORACIO ECHEGOYEN,62sh
HUA HUAR,62sh
HUAHUAR,62sh
HUAPACHE,62sh
HUASCO,62sh
HUAYUN,62sh
HUECHUMAN,62sh
HUELEN,62sh
HUELQUI,62sh
HUENCHUMILLA,62sh
HUICHALEF,62sh
HUILDAD,62sh
HUIMAN,62sh
IBN BATUTA,62sh
ICALMA,62sh
IGNACIA LOPEZ,62sh
IGNACIO CARRERA PINTO,62sh
IGNACIO DE LA CARRERA,62sh
IGUALDAD,62sh
ILLAPEL,62sh
ILUSION,62sh
IMPRENTA,62sh
INDE MAWUN,62sh
INDEPENDENCIA,62sh
INDIRA GANDHI,62sh
INES GALLARDO,62s
INMACULADA,62sh
INOCENCIO,62sh
INTENDENTE AURELIO ANDRADE,62sh
INTERIOR,62sh
IQUIQUE,62sh
IRENE FREI,62s 62sh
IRIS,62sh
ISABEL ALLENDE LLONA,62sh
ISABEL RIQUELME,62sh
ISLA APIAO,62sh
ISLA AUCAR,62sh
ISLA AUCHAC,62sh
ISLA BUTACHAUQUE,62sh
ISLA CALMACHE,62sh
ISLA CAPRI,62sh
ISLA CAUCAHUE,62sh
ISLA CHACALLUTA,62sh
ISLA CHINQUI,62sh
ISLA DE PASCUA,62sh
ISLA EVANS,62sh
ISLA FRODEN,62sh
ISLA GUAFO,62sh
ISLA GUAR,62s
ISLA HUAR,62sh
ISLA HUELMO,62sh
ISLA LAITEC,62sh
ISLA MAILLEN,62s 62sh
ISLA MOCHA,62sh
ISLA PIAZZA,62sh
ISLA PULUQUI,62s
ISLA QUENAC,62sh
ISLA QUEULLIN,62s
ISLA QUIRIQUINA,62sh
ISLA REGALADA,62sh
ISLA ROBINSON CRUSOE,62sh
ISLA SALA Y GOMEZ,62sh
ISLA SANTA CLARA,62sh
ISLA SANTA INES,62sh
ISLA TAICAN,62sh
ISLA TAUTIL,62s
ISLA TENGLO,62sh
ISLA TRANQUI,62sh
ISMAEL DIAZ M.,62sh
ITAHUE,62sh
ITALIA,62sh
IVER ZEGERS,62sh
J. BARRIENTOS,62sh
JADE,62sh
JAMES WATT,62sh
JANEQUEO,62sh
JASPE,62sh
JAVIER DE REYNA,62sh
JAVIER ENRIQUE ROSALES,62sh
JAVIER GUTIERREZ,62sh
JAVIERA CARRERA,62sh
JEFAS DE HOGAR,62sh
JESUITAS,62sh
JHON WILLIAM WILSON,62sh
JOAQUIN TOESCA,62sh
JOHANA SCHUBERT,62sh
JOHANN HEIM,62sh
JOHN FITCH,62sh
JOHN STUALD,62sh
JONATHAN HOMBLOWER,62sh
JORGE ALESSANDRI,62sh
JORGE GONZALEZ BASTIAS,62sh
JORGE LINDERMANN,62sh
JORGE MABON,62sh
JORGE URRUTIA BLONDEL,62sh
JOSE AGUILA,62sh
JOSE ALVAREZ,62sh
JOSE ANTONIO ANTITUR,62sh
JOSE ANTONIO GUERRERO,62sh
JOSE BRAHM APPEL,62sh
JOSE DE MORALEDA,62sh
JOSE DOLLINO,62sh
JOSE ENRIQUE ALVEAR,62sh
JOSE FERNANDEZ PEREZ,62sh
JOSE HIDALGO,62sh
JOSE LUIS ARANEDA,62sh
JOSE MIGUEL CARRERA,62sh
JOSE MIGUEL GONZALEZ,62sh
JOSE MIGUEL INFANTE,62sh
JOSE PAREDES,62sh
JOSE PEROTTI RONZONI,62sh
JOSE SARMIENTO,62sh
JOSE SEREY,62sh
JOSE TEODORO VARGAS,62sh
JOSEFA TELLEZ OYARZUN,62s
JOSEPH ADISON,62sh
JOSEPH EMHARDS,62sh
JOSEPH SCHNETILER,62sh
JOSEPH SCHNETTLER,62sh
JUAN CABOT,62sh
JUAN ENRIQUE ROSALES,62sh
JUAN FCO. GONZALEZ,62sh
JUAN HERNANDEZ,62sh
JUAN IGNACIO MOLINA,62sh
JUAN JOSE CAMPOS SILVA,62sh
JUAN JOSE MIRA,62sh
JUAN JOSE SILVA CAMPOS,62sh
JUAN KAPPES,62sh
JUAN MARTINEZ DE ROSAS,62sh
JUAN MAURICIO RUGENDAS,62sh
JUAN RENUS,62sh
JUAN RIVERA POBLETE,62sh
JUAN X,62sh
JUANA DE ARCO,62sh
JULIO BARNECHEA,62sh
JULIO BARRENECHEA,62sh
JULIO MONTT,62sh
KAIKUN,62sh
KARL WHILEM,62sh
KETRUN,62sh
KILIMANJARO,62sh
KOYAM,62sh
LA AGUADA,62sh
LA CONCEPCION,62sh
LA CRUZ,62sh
LA GOLETA,62s
LA IGUALDAD,62sh
LA LEYENDA,62s 62sh
LA NUCUA,62sh
LA PAZ,62sh
LA QUEBRADA,62sh
LA REINA,62sh
LA RIBERA,62sh
LA TIRANA,62sh
LA TRANQUERA,62sh
LA TRILLA,62sh
LA UNION,62sh
LA VARA,62sh
LA VARA - SENDA SUR (RUTA V-629),62sh
LA VENDIMIA,62sh
LA VERANADA,62sh
LADERA SUR,62sh
LAFKEN,62sh
LAFQUEN,62sh
LAGO BLANCO,62sh
LAGO CALAFQUEN,62sh
LAGO CHAIHUATA,62sh
LAGO CONSTANZA,62sh
LAGO CUCAO,62sh
LAGO DE HUESCA,62sh
LAGO ELIZALDE,62sh
LAGO GRIS,62sh
LAGO HUESCA,62sh
LAGO HUILLINCO,62sh
LAGO LLANQUIHUE,62sh
LAGO MAIHUE,62sh
LAGO NATRI,62sh
LAGO O'HIGGINS,62sh
LAGO PANGUIPULLI,62sh
LAGO PELLAITA,62sh
LAGO PEÑUELAS,62sh
LAGO PUYEHUE,62sh
LAGO RANCO,62sh
LAGO RINIHUE,62sh
LAGO TAGUA TAGUA,62sh
LAGO TARAHUIN,62sh
LAGO TEPUHUEICO,62sh
LAGO TODOS LOS SANTOS,62sh
LAGO VERDE,62sh
LAGO VIDAL GORMAZ,62sh
LAGO VILLARRICA,62sh
LAGO YALDAD,62sh
LAGUAN CAREN,62sh
LAGUNA ABASCAL,62sh
LAGUNA ANTIGUA,62sh
LAGUNA ARCOIRIS,62sh
LAGUNA AVENDANO,62sh
LAGUNA AZUL,62sh
LAGUNA BARCO,62sh
LAGUNA BLANCA,62sh
LAGUNA CLARA,62sh
LAGUNA DEL DESIERTO,62sh
LAGUNA DEL HUASCO,62sh
LAGUNA DEL LAJA,62sh
LAGUNA DEL MAULE,62sh
LAGUNA DEL REY,62sh
LAGUNA DEL SOL,62sh
LAGUNA ESCONDIDA,62sh
LAGUNA ESMERALDA,62sh
LAGUNA ESPEJO,62sh
LAGUNA FIGUEROA,62sh
LAGUNA FORTZICK,62sh
LAGUNA INCA,62sh
LAGUNA LA ESCONDIDA,62sh
LAGUNA LEGIA,62sh
LAGUNA LONCONAO,62sh
LAGUNA MANSA,62sh
LAGUNA NEVADA,62sh
LAGUNA QUINECO,62sh
LAGUNA SAN PEDRO,62sh
LAGUNA SAN RAFAEL,62sh
LAGUNA SANTA ROSA,62sh
LAGUNA TENO,62sh
LAGUNA VERDE,62sh
LAGUNAS DE VENECIA,62sh
LAHUAL,62sh
LANCHID,62sh
LAPIZLASULI,62sh
LARRAIN,62sh
LARRIAN CLARO,62sh
LAS ACACIAS,62sh
LAS ALCAPARRAS,62sh
LAS ARAUCARIAS,62sh
LAS ARBOLEDAS,62s
LAS AVES,62s
LAS AVESTRUCES,62sh
LAS AZUCENAS,62s
LAS BANDURRIAS,62sh
LAS BELLOTAS,62sh
LAS BENDICIONES,62sh
LAS BRAZAS,62sh
LAS BROSAS,62sh
LAS CALAS,62sh
LAS CAMELIAS,62sh
LAS CAPUCHINAS,62sh
LAS CASCADAS,62sh
LAS CHILLAS,62sh
LAS CONDES,62sh
LAS CORTEZAS,62sh
LAS COSTURERAS,62sh
LAS DALIAS,62sh
LAS DAMAS,62sh
LAS ENCINAS,62sh
LAS GARDENIAS,62sh
LAS GARZAS,62sh
LAS GAVIOTAS,62s 62sh
LAS GOLONDRINAS,62s 62sh
LAS HILANDERAS,62sh
LAS HOJAS,62sh
LAS LENGAS,62sh
LAS LILAS,62sh
LAS LOICAS,62sh
LAS LUMAS,62s 62sh
LAS MAGNOLIAS,62sh
LAS MALVAVISCAS,62sh
LAS MALVILLAS,62sh
LAS MARGARITAS,62sh
LAS MURTAS,62sh
LAS NEVADAS,62sh
LAS NUTRIAS,62sh
LAS ORCAS,62sh
LAS PALMAS,62sh
LAS PALMERAS,62sh
LAS PATAGUAS,62sh
LAS PERDICES,62sh
LAS PITRAS,62sh
LAS QUEMAS,62sh
LAS QUENOAS,62sh
LAS QUILAS,62sh
LAS RAICES,62sh
LAS REJAS,62sh
LAS ROSAS,62sh
LAS SAVIAS,62sh
LAS TAGUAS,62sh
LAS TEPAS,62sh
LAS TEPAS INTERIOR,62sh
LAS TIACAS,62sh
LAS TINAJAS,62sh
LAS TONINAS,62s 62sh
LAS TORCAZAS,62sh
LAS TORTOLAS,62sh
LAS VERBENAS,62sh
LAS VERTIENTES,62sh
LAS VICUÑAS,62sh
LAS YARETAS,62sh
LAUREL REAL,62sh
LAUTARO,62sh
LAUTARO BARRIENTOS,62sh
LAUTARO MIRANDA,62sh
LAWRENCE,62sh
LEANDRO ESCUDERO,62sh
LEBU,62sh
LECHAGUA,62sh
LELBUN,62sh
LEMUN,62sh
LEMUY,62sh
LEON XIII,62sh
LEONORA LATORRE,62sh
LEPIHUE,62sh
LEPTEPU,62sh
LEUCOTON,62sh
LIBERTAD,62sh
LIBORIO GUERRERO,62s 62sh
LICANCABUR,62sh
LICANRAY,62sh
LICANTEN,62sh
LIN-LIN,62sh
LINAO,62sh
LINARES,62sh
LINECO,62sh
LIPIHUE,62sh
LLANQUIHUE,62sh
LLANTEN,62sh
LLAU LLAO,62sh
LLAY LLAY,62sh
LLICO,62sh
LLINHUA,62sh
LO CELIS,62sh
LOA,62sh
LOLENCO,62sh
LOMCO,62sh
LONCO QUEIPUL,62sh
LONCO TANGOL,62sh
LONTUE,62sh
LORD COCHRANE,62sh
LOS ABEDULES,62s 62sh
LOS ABETOS,62sh
LOS ALAMOS,62s 62sh
LOS ALBATROS,62sh
LOS ALERCES,62sh
LOS ALGARROBOS,62sh
LOS ALMENDROS SUR,62sh
LOS ANDES,62sh
LOS ANGELES,62sh
LOS ARANDANOS,62sh
LOS AROMOS,62s 62sh
LOS ARRAYANES,62s 62sh
LOS ARRECIFES,62sh
LOS ARROYOS,62sh
LOS ARTESANOS,62s 62sh
LOS ASCENCIOS,62sh
LOS AVELLANOS,62s 62sh
LOS AVIADORES,62s
LOS BOLDOS,62s 62sh
LOS BOLENES,62sh
LOS BOMBEROS,62sh
LOS CACTUS,62sh
LOS CAIQUENES,62sh
LOS CALAFATES,62sh
LOS CALAMARES,62sh
LOS CANARIOS,62sh
LOS CANELOS,62sh
LOS CANTEROS,62sh
LOS CARDENALES,62sh
LOS CARRERAS,62sh
LOS CASTAÑOS,62s 62sh
LOS CAUCHAUS,62s
LOS CEDROS,62sh
LOS CEREZOS,62sh
LOS CHACAYES,62sh
LOS CHANARES,62sh
LOS CHAPARRALES,62sh
LOS CHAURAS,62sh
LOS CHILCOS,62s 62sh
LOS CHINCOLES,62sh
LOS CIPRES,62sh
LOS CIPRESES,62s 62sh
LOS CIRUELILLOS,62sh
LOS CIRUELOS,62sh
LOS CISNES,62sh
LOS CLAVELES,62sh
LOS COIGUES,62s
LOS COIHUES,62sh
LOS COIPOS,62sh
LOS COLIBRIES,62sh
LOS COLIHUES,62sh
LOS COLONOS,62sh
LOS CONDORES,62sh
LOS CONFINES,62sh
LOS COPIHUES,62sh
LOS CORRALES,62sh
LOS CUNCOS,62sh
LOS DELFINES,62s
LOS DESFINES,62s
LOS EBANOS,62sh
LOS ENCINOS,62sh
LOS ESPINOS,62sh
LOS ESTEROS,62sh
LOS EUCALIPTOS,62sh
LOS FIORDOS,62sh
LOS FLAMENCOS,62sh
LOS FUINQUES,62sh
LOS FUNDADORES,62sh
LOS GARCIA,62sh
LOS GATOS,62sh
LOS GERANIOS,62sh
LOS GIRASOLES,62sh
LOS GORRIONES,62sh
LOS GUANACOS,62sh
LOS GUINDOS,62sh
LOS HALCONES,62sh
LOS HELECHOS,62s 62sh
LOS HERREROS,62sh
LOS HOJALATEROS,62sh
LOS HUAIRAVOS,62sh
LOS HUALLES,62sh
LOS HUEMULES,62sh
LOS HUILLICHES,62sh
LOS HUINQUES,62sh
LOS INFANTES,62sh
LOS JARDINES,62s
LOS JOYEROS,62sh
LOS JUNCOS,62sh
LOS JUNQUILLOS,62s
LOS LACTEOS,62sh
LOS LAGOS,62sh
LOS LAURELES,62sh
LOS LEONES,62sh
LOS LIGUAYES,62sh
LOS LILIUM,62sh
LOS LIMONEROS,62sh
LOS LINGUES,62sh
LOS LIRIOS,62sh
LOS LIRQUENES,62sh
LOS LITRES,62sh
LOS LLEUQUES,62sh
LOS LOBOS,62sh
LOS LOTOS,62sh
LOS MAITENES,62sh
LOS MAQUIS,62sh
LOS MARQUEZ,62sh
LOS MATICOS,62sh
LOS MAÑIOS,62s 62sh
LOS MELIES,62sh
LOS MILAGROS,62sh
LOS MIRLOS,62sh
LOS MIRTILLOS,62sh
LOS MOLLES,62sh
LOS MUSICOS,62sh
LOS NARANJILLOS,62sh
LOS NARANJOS,62sh
LOS NAVEGANTES,62sh
LOS NOGALES,62sh
LOS NOTROS,62s 62sh
LOS OCASOS,62sh
LOS OLIVILLOS,62sh
LOS OLIVOS,62sh
LOS PALTOS,62sh
LOS PASTORES,62sh
LOS PEHUENCHES,62sh
LOS PELLINES,62sh
LOS PELUES,62sh
LOS PENSAMIENTOS,62sh
LOS PERALES,62sh
LOS PEUMOS,62sh
LOS PIDENES,62sh
LOS PIMIENTOS,62sh
LOS PINGUINOS,62sh
LOS PINOS,62s 62sh
LOS PINTORES,62sh
LOS PITAOS,62sh
LOS PITIOS,62sh
LOS PLACERES,62sh
LOS POMELOS,62sh
LOS PRECURSORES,62sh
LOS PUDUES,62sh
LOS PUMAS,62sh
LOS QUELTEHUES,62sh
LOS QUEULEN,62sh
LOS QUILLAYES,62sh
LOS RADALES,62sh
LOS RAULIES,62sh
LOS RELOJEROS,62sh
LOS RIOS,62sh
LOS RISCOS,62sh
LOS ROBLES,62s 62sh
LOS ROQUERIOS,62sh
LOS RUISEÑORES,62sh
LOS SANPALOS,62sh
LOS SAUCES,62s 62sh
LOS SAUCOS,62sh
LOS TAMARINDOS,62sh
LOS TAMARUGOS,62sh
LOS TEMUS,62sh
LOS TENIOS,62sh
LOS TEPUES,62s 62sh
LOS TILOS,62sh
LOS TINEOS,62sh
LOS TOPOS,62sh
LOS TORNEROS,62sh
LOS TRICAHUES,62sh
LOS TRIGALES,62sh
LOS TRONCOS,62sh
LOS TULIPANES,62sh
LOS ULMOS,62s 62sh
LOS VILOS,62sh
LOS VOLCANES,62sh
LOS ZINGAROS,62sh
LOS ZORROS,62sh
LOS ZORZALES,62sh
LOS ÑIRRES,62sh
LOTA,62sh
LUIGI GALVAN,62sh
LUIS ACKERMANN,62sh
LUIS ALCAZAR HARO,62sh
LUIS ARANEDA,62sh
LUIS BARRIENTOS,62sh
LUIS BINDER GROTHE,62sh
LUIS BLANC,62sh
LUIS CAJAL,62sh
LUIS CRUZ MARTINEZ,62sh
LUIS EMILIO RECABARREN,62sh
LUIS ENRIQUE DELANO,62sh
LUIS GOMEZ CARREÑO,62sh
LUIS ROSS,62sh
LUIS SILVA,62sh
MAC-IVER,62sh
MACHAICO,62sh
MADRE PAULINA,62sh
MAESTRANZA CERNOCH,62sh
MAGALLANES,62sh
MAICOLPUE,62sh
MAIPO,62sh
MAIPU,62sh
MAIQUEN,62sh
MALAQUIAS CONCHA,62sh
MALFREDO POLO,62sh
MALLECO,62sh
MALVINA LAZO ANATIVA,62sh
MAMINA,62sh
MANANTIAL,62sh
MANIHUAL,62sh
MANQUEHUA,62sh
MANQUEHUE,62sh
MANSO DE VELASCO,62sh
MANUEL ANTONIO MATTA,62sh
MANUEL MANCILLA,62sh
MANUEL MANOLY MALDONADO,62sh
MANUEL MONTT,62sh
MANUEL PLAZA,62sh
MANUEL RODRIGUEZ,62sh
MANZANAL,62sh
MANZANALES,62sh
MAR ADRIATICO,62sh
MAR BALTICO,62sh
MAR CASPIO,62sh
MAR CHILENO,62sh
MAR DE ARAL,62sh
MAR DE CORTES,62sh
MAR DE GALILEA,62sh
MAR DE LIGURIA,62sh
MAR DEL NORTE,62sh
MAR MEDITERRANEO,62sh
MAR MUERTO,62sh
MAR ROJO,62sh
MAR TIRRENO,62sh
MARATON,62sh
MARCELA PAZ,62sh
MARCELO FOURCADE,62sh
MARCO POLO,62sh
MARIA CALLAS,62sh
MARIA LIESSEL REUTER MAURET,62sh
MARIA LUISA BOMBAL,62sh
MARIA REINA,62sh
MARIA YOLANDA,62sh
MARIE CURIE,62sh
MARINERO ALVARADO,62sh
MARIO CARREÑO MORALES,62sh
MARIO TORRES,62sh
MARTA BRUNET,62sh
MARTA COLVIN,62sh
MARTE,62sh
MARTI,62sh
MARTIN ALONSO,62sh
MARTIN SKOROPPA,62sh
MARTINEZ DE ALDUNATE,62sh
MATAVERDE,62sh
MATAVERI,62sh
MATEO DE TORO Y ZAMBRANO,62sh
MATIAS DOGGENWEILER,62sh
MATTHEW BOULTON,62sh
MAULE,62sh
MAULLIN,62sh
MAWEN,62sh
MAXIMILIANO URIBE,62sh
MAZATLAN,62s
MECHUQUE,62sh
MELIMOYO,62sh
MELINKA,62sh
MERAK,62sh
MESANA,62sh
MEULIN,62sh
MEWLEN,62sh
MEXICO,62s
MICHIMALONCO,62sh
MIJO DEL SOL,62sh
MIRADOR,62sh
MIRADOR DEL BOSQUE NORTE,62s 62sh
MIRADOR DEL BOSQUE ORIENTE,62s 62sh
MIRADOR DEL CHUCAO,62sh
MIRADOR HORNOPIREN,62sh
MIRAFLORES,62sh
MIRAMAR,62sh
MISAEL ESCUTI,62sh
MOISES ARCE,62sh
MOLINO GOECKE,62sh
MONS. ALBERTO RENCORET,62sh
MONS. MANUEL CORDOVA,62sh
MONS. NICANOR GARCIA,62sh
MONSEÑOR GUILLERMO WEISSER,62sh
MONSEÑOR J. HOURTON P.,62sh
MONSEÑOR JORGE HOURTON,62sh
MONSEÑOR RAMON MUNITA,62sh
MONT BLANC,62sh
MONTAHUE,62sh
MONTIEL,62sh
MUCHEN,62sh
MUÑOZ GAMERO,62s
N.1 PELLUCO,62sh
NAGUILLAN,62sh
NATALCO,62sh
NAVIERA OEKKERS,62sh
NAZARETH,62sh
NECUIQUEO,62sh
NEMESIO ANTUNEZ,62sh
NEPTUNO,62sh
NERCON,62sh
NERVA,62sh
NICANOR BAHAMONDES,62sh
NICANOR PLAZA,62sh
NICASIO MIRANDA URIBE,62sh
NICOLAS 5,62sh
NICOLO POLO,62sh
NIDO DE AGUILA,62sh
NIDO DE AGUILAS,62sh
NIDOS DEL HUAIRAO,62sh
NINQUIAN,62sh
NORTE SUR 1,62sh
NORTE SUR 2,62sh
NORTE SUR 3,62sh
NORTE TRES,62sh
NOTUCO,62sh
NUEVA,62sh
NUEVA 1,62sh
NUEVA 10,62sh
NUEVA 11,62sh
NUEVA 12,62sh
NUEVA 13,62sh
NUEVA 15,62sh
NUEVA 2,62sh
NUEVA 3,62sh
NUEVA 4,62sh
NUEVA 5,62sh
NUEVA 7,62sh
NUEVA 9,62sh
NUEVA CUATRO,62sh
NUEVA ESPERANZA,62sh
NUEVA ORIENTE,62sh
NUEVA ORIENTE 4,62sh
NUEVA VIDA,62sh
NUEVO,62sh
NUEVO 1,62sh
NUEVO 10,62sh
NUEVO 12,62sh
NUEVO 13,62sh
NUEVO 14,62sh
NUEVO 15,62sh
NUEVO 16,62sh
NUEVO 17,62sh
NUEVO 18,62sh
NUEVO 19,62sh
NUEVO 2,62sh
NUEVO 20,62sh
NUEVO 21,62sh
NUEVO 22,62sh
NUEVO 3,62sh
NUEVO 4,62sh
NUEVO 40,62sh
NUEVO 41,62sh
NUEVO 44,62sh
NUEVO 45,62sh
NUEVO 46,62sh
NUEVO 47,62sh
NUEVO 48,62sh
NUEVO 49,62sh
NUEVO 5,62sh
NUEVO 50,62sh
NUEVO 59,62sh
NUEVO 6,62sh
NUEVO 7,62sh
NUEVO 8,62sh
NUEVO 9,62sh
NUEVO HORIZONTE,62sh
NUIL,62sh
NUNO TRISTAO,62sh
O'HIGGINS,62sh
OBERREUTER,62sh
OBISPO JUAN GONZALEZ,62sh
OCEANO ARTICO,62sh
OCEANO ATLANTICO,62sh
OCEANO INDICO,62sh
OCHAGAVIA,62sh
OFELINA FUENTES R.,62sh
OFELINA IGOR,62sh
OLMOPULLI,62sh
OPTIMISMO,62sh
OREGON,62sh
ORION,62sh
ORREGO,62sh
ORTIZ DE ROSAS,62sh
OSMA,62sh
OSTIONES,62sh
OSVALDO WISTUBA,62sh
OTTO VERA,62sh
OVIEDO,62sh
PABLO BURCHARDS EGGELIN,62sh
PABLO GONZALEZ,62sh
PABLO NERUDA,62sh
PABLO SCORZA,62sh
PABLO SERON,62sh
PACHECO ALTAMIRANO,62s
PACIFICO,62sh
PADRE AGUILAR,62sh
PADRE ALBINO SCHNETTLER,62sh
PADRE FRANCISCO MANENDEZ,62sh
PADRE GONZALO TELLEZ,62sh
PADRE HARTER,62sh
PADRE JAVIER,62sh
PADRE JAVIER BRAUN,62sh
PADRE JOSE FERNANDEZ,62sh
PADRE JUAN ESPINOZA,62sh
PADRE MASCARDI,62sh
PADRE NELSON AGUILAR,62sh
PADRE ROBERTO ICARTE,62sh
PADRE VIVES,62sh
PAICAVI,62sh
PAIHUEN,62sh
PAILAHUEN,62sh
PAILLAHUEN,62sh
PAINEMILLA,62sh
PAIPOTE,62sh
PAIPOTE INTERIOR,62sh
PALENA,62sh
PALERMO,62sh
PALO DE ROSA,62sh
PAMPA LAS BANDURRIAS,62sh
PANAMERICANA NORTE SERVICIO,62sh
PANAMERICANA SUR,62 62s 62sh
PAOLA VEGA QUEZADA,62sh
PAPA LEON XIII,62sh
PAPA PIO XI,62sh
PAPUDO,62sh
PARABO,62s
PARADA LOS NOTROS,62s
PARAGUAY,62sh
PARQUE ALERCE ANDINO,62sh
PARQUE GUAMBLIN,62sh
PARQUE INDUSTRIAL,62sh
PARQUE NACIONAL ALERCE ANDINO,62sh
PARQUE NACIONAL CABO DE HORNOS,62sh
PARQUE NACIONAL CHILOE,62sh
PARQUE NACIONAL CO. CASTILLO,62sh
PARQUE NACIONAL CONGUILLIO,62sh
PARQUE NACIONAL CORCOVADO,62sh
PARQUE NACIONAL FUTALEUFU,62sh
PARQUE NACIONAL HORNOPIREN,62sh
PARQUE NACIONAL HUERQUEHUE,62sh
PARQUE NACIONAL ISLA MAGDALENA,62sh
PARQUE NACIONAL JUAN FERNANDEZ,62sh
PARQUE NACIONAL LA CAMPANA,62sh
PARQUE NACIONAL LAGUNA PARRILLAR,62sh
PARQUE NACIONAL LAUCA,62sh
PARQUE NACIONAL LLULLAILLACO,62sh
PARQUE NACIONAL NAHUELBUTA,62sh
PARQUE NACIONAL NEVADO TRES CRUCES,62sh
PARQUE NACIONAL PALENA,62sh
PARQUE NACIONAL PALIANKE,62sh
PARQUE NACIONAL PAN DE AZUCAR,62sh
PARQUE NACIONAL PUYEHUE,62sh
PARQUE NACIONAL QUEULAT,62sh
PARQUE NACIONAL RAPA NUI,62sh
PARQUE NACIONAL SALAR DEL HUASCO,62sh
PARQUE NACIONAL TORRES DEL PAINE,62sh
PASAJE 1,62s 62sh
PASAJE 1 NORTE,62sh
PASAJE 1 SUR,62sh
PASAJE 1 VILLA LOS COLONOS,62sh
PASAJE 10,62sh
PASAJE 11,62sh
PASAJE 12,62sh
PASAJE 13,62sh
PASAJE 14,62sh
PASAJE 15,62sh
PASAJE 18 DE SEPTIEMBRE,62sh
PASAJE 2,62s 62sh
PASAJE 2 LOS ÁLAMOS,62sh
PASAJE 2 NORTE,62sh
PASAJE 20 DE MAYO,62sh
PASAJE 21 DE MAYO,62sh
PASAJE 3,62s 62sh
PASAJE 3 LOS COIHUES,62sh
PASAJE 32,62sh
PASAJE 34,62sh
PASAJE 36,62sh
PASAJE 39,62sh
PASAJE 4,62sh
PASAJE 4 LOS CANELOS,62sh
PASAJE 40,62sh
PASAJE 41,62sh
PASAJE 42,62sh
PASAJE 43,62sh
PASAJE 46,62sh
PASAJE 47,62sh
PASAJE 48,62sh
PASAJE 49,62sh
PASAJE 5,62s 62sh
PASAJE 5 DE AGOSTO,62sh
PASAJE 5 LOS ALERCES,62sh
PASAJE 50,62sh
PASAJE 51,62sh
PASAJE 52,62sh
PASAJE 6,62sh
PASAJE 6 LOS MAÑIOS,62sh
PASAJE 7,62sh
PASAJE 7 LOS ROBLES,62sh
PASAJE 8,62sh
PASAJE 8 LOS ARRAYANES,62sh
PASAJE 9,62sh
PASAJE 9 LOS EUCALIPTUS,62sh
PASAJE AL RÍO,62sh
PASAJE BENJA,62sh
PASAJE CANAL TENGLO,62s
PASAJE DON MANUEL,62sh
PASAJE DON MIGUEL,62sh
PASAJE EL CIPRES,62
PASAJE EL MAQUI,62sh
PASAJE EMILIANA ROSAS,62sh
PASAJE FRANCKE,62sh
PASAJE HARRY BEYER ST,62sh
PASAJE KM 10,62sh
PASAJE LAS NUTRIAS,62s
PASAJE LOS GUINDOS,62sh
PASAJE LOS LAGOS,62sh
PASAJE LOS PESCADORES,62s
PASAJE LOS VOLCANES,62sh
PASAJE LUIS HOFFMAN,62s
PASAJE MOLINO 1,62sh
PASAJE MOLINO 2,62sh
PASAJE NUEVO,62sh
PASAJE OLEGARIO FRANCKE,62sh
PASAJE PINO CAIDO,62sh
PASAJE RICARDO MUÑOZ,62sh
PASAJE SAN JOSÉ,62sh
PASAJE SANDOVAL NORTE,62sh
PASAJE SANDOVAL SUR,62sh
PASAJE SIN NOMBRE,62sh
PASAJE VILLA EL SOL,62sh
PASCUAL,62sh
PASEO MIRADOR,62sh
PATRIA VIEJA,62sh
PATRICIO LYNCH,62sh
PAUL CESANNE,62s
PAUL CEZANNE,62s
PAUL GRIS,62s
PAUL KLEE,62s
PEDRO AGUIRRE CERDA,62sh
PEDRO ALLENDE SARON,62sh
PEDRO ALTAMIRANO,62s
PEDRO DE VALDIVIA,62sh
PEDRO J. BARRIENTOS,62sh
PEDRO LIRA,62sh
PEDRO MONTT,62sh
PEDRO RESKA MOREAU,62sh
PEHUEN,62sh
PELLUCO ALTO,62s
PELLUHUE,62sh
PENEHUE,62sh
PERIODISTA,62sh
PERLA MARINA,62s
PETORCA,62sh
PEULLA,62sh
PHILIPP BERNER,62sh
PICHOY,62sh
PIEDRA DE LUNA,62sh
PIEDRA LUNA,62sh
PILAR SANCHEZ,62sh
PILMAIQUEN,62sh
PILOTO PARDO,62s
PILPILCO,62sh
PINDAPULLI,62sh
PINTO AGUERO,62sh
PINTORA ELSA MARTIN,62sh
PIRENA,62s 62sh
PIREPILLAN,62sh
PIRINEOS,62sh
PIRIQUINA,62sh
PISAGUA,62sh
PLAYA BLANCA,62sh
PLAYA CHAIQUE,62sh
PLAYA CHICA,62sh
PLAYA CHINQUIHUE,62sh
PLAYA GUABIL,62sh
PLAYA LECHUGA,62sh
PLAYA PILOL,62sh
PLAZA 4,62sh
PLAZUELA NEVADA,62sh
POLARIS,62sh
POLLUX,62sh
POLPAICO,62sh
PORTILLO,62sh
PORTILLOS,62sh
PORVENIR,62sh
POSEIDON,62s
POZO ALMONTE,62sh
PRESIDENTE CARLOS IBAÑEZ,62sh
PRESIDENTE SALVADOR ALLENDE,62sh
PRIVADO 10,62sh
PROA,62sh
PROSPERO BISQUERT PRADO,62sh
PROVIDENCIA,62sh
PUANTI,62sh
PUCATRIHUE,62sh
PUDETO,62sh
PUERTO AGUIRRE,62sh
PUERTO ALMEYDA,62sh
PUERTO ALTAMIRANO,62sh
PUERTO ARTURO,62sh
PUERTO AUCHEMO,62sh
PUERTO AVELLANO 5,62sh
PUERTO AVELLANOS,62sh
PUERTO AYACARA,62sh
PUERTO AYSEN,62sh
PUERTO BERTRAND,62sh
PUERTO BERTTRAND,62sh
PUERTO BORIS,62sh
PUERTO CABO NEGRO,62sh
PUERTO CALDERA,62sh
PUERTO CALDERILLA,62sh
PUERTO CARDENAS,62sh
PUERTO CARMEN,62sh
PUERTO CARRAN,62sh
PUERTO CHACABUCO,62sh
PUERTO CHALUPA,62sh
PUERTO CHAÑARAL,62sh
PUERTO CHICO,62sh
PUERTO CISNES,62sh
PUERTO CLARENCIA,62sh
PUERTO CONDOR,62sh
PUERTO COQUIMBO,62sh
PUERTO CORONEL,62sh
PUERTO CORRAL,62sh
PUERTO CRISTAL,62sh
PUERTO CRUZ GRANDE,62sh
PUERTO DARWIN,62sh
PUERTO DE VALENCIA,62sh
PUERTO DOMINGUEZ,62sh
PUERTO DUNGENES,62sh
PUERTO EDEN,62sh
PUERTO ELVIRA,62sh
PUERTO FONCK,62sh
PUERTO FONK,62sh
PUERTO FUY,62sh
PUERTO GALA,62sh
PUERTO GODOY,62sh
PUERTO GREGORIO,62sh
PUERTO GUADAL,62sh
PUERTO GUAYACAN,62sh
PUERTO HUASCO,62sh
PUERTO HUEMUL,62sh
PUERTO IBAÑEZ,62sh
PUERTO LAITEC,62sh
PUERTO LARA,62sh
PUERTO LIRQUEN,62sh
PUERTO MADERO,62sh
PUERTO MEJILLONES,62sh
PUERTO MELINKA,62sh
PUERTO MONTT,62s 62sh
PUERTO NATALES,62sh
PUERTO NAVARINO,62sh
PUERTO NUEVO,62sh
PUERTO PERCY,62sh
PUERTO PIEDRAS,62sh
PUERTO PORVENIR,62sh
PUERTO PRINCIPE,62sh
PUERTO PUYUHUAPI,62sh
PUERTO RAMIREZ,62sh
PUERTO REMOLINO,62sh
PUERTO SAAVEDRA,62sh
PUERTO SAN AMBROSIO,62sh
PUERTO SAN ANTONIO,62sh
PUERTO SAN CARLOS,62sh
PUERTO SARA,62sh
PUERTO SOBERANIA,62sh
PUERTO TOLEDO,62sh
PUERTO TORO,62sh
PUERTO TOTORALILLO,62sh
PUERTO TRANQUILO,62sh
PUERTO WALKER,62sh
PUERTO WILLIAMS,62sh
PUERTO YARTOUR,62sh
PUERTO YUNGAY,62sh
PUERTO ZENTENO,62sh
PULQUELDON,62sh
PUMAHUE,62sh
PUNTA AHUENCO,62sh
PUNTA AHUENCO ORIENTE,62sh
PUNTA AHUENCO PONIENTE,62sh
PUNTA CHAIGUAO,62sh
PUNTA CHAIGUAO NORTE,62sh
PUNTA CHAIGUAO ORIENTE,62sh
PUNTA CHAIGUAO PONIENTE,62sh
PUNTA CHAIGUAO SUR,62sh
PUNTA CHECO,62sh
PUNTA CHECO ORIENTE,62sh
PUNTA CHECO PONIENTE,62sh
PUNTA CHECO SUR,62sh
PUNTA CUCAO,62sh
PUNTA CUCAO NORTE,62sh
PUNTA CUCAO ORIENTE,62sh
PUNTA CUCAO PONIENTE,62sh
PUNTA CUCAO SUR,62sh
PUNTA GRUESA,62sh
PUNTA GRUESA ORIENTE,62sh
PUNTA GRUESA PONIENTE,62sh
PUNTA HUENUL,62sh
PUNTA LOBOS,62sh
PUNTA TILDUCO,62sh
PUNTA TILDUCO NORTE,62sh
PUNTA TILDUCO ORIENTE,62sh
PUNTA TILDUCO PONIENTE,62sh
PUNTE CORONA,62sh
PUNTIAGUDO,62sh
PUNTRA,62sh
PUPELDE,62sh
PUQUELDON,62sh
PURRANQUE,62sh
PUYEHUE,62sh
QUARZO,62sh
QUEHUI,62sh
QUEILEN,62sh
QUELLON,62sh
QUEMCHI,62sh
QUENAL,62sh
QUENIAO,62sh
QUEPE,62sh
QUETALCO,62sh
QUEUPUMIL,62sh
QUILEN,62sh
QUILLAHUA,62sh
QUILLAIPE,62s
QUILLAYPE,62sh
QUILLOTA,62sh
QUINCHAO,62sh
QUINOA,62sh
QUINTERO,62sh
QUINTUPEO,62sh
QUIQUEI,62sh
QUITRAHUE,62sh
QUITRALCO,62sh
QUIÑILEF,62sh
RAHUE,62sh
RAIHUEN,62sh
RAILEF,62sh
RALLY AUSTRAL,62sh
RAMON CARNICER,62sh
RAMON POBLETE,62sh
RANCAGUA,62sh
RANTAL,62s 62sh
RAUCO,62sh
RAUL,62sh
RAULI,62sh
RAYEN,62sh
REBECA MATTE,62sh
REBOLLEDO,62sh
REGATA CRUCERO,62sh
REGIMIENTO,62s 62sh
REGOR,62sh
REGULUS,62sh
RELMU,62sh
RELONCAVI,62sh
REMANSO,62sh
REMIGIO GUERRERO,62sh
RENACIMIENTO,62sh
RENE SALINAS PALACIOS,62s
RENE SCHNEIDER,62sh
RENGIFO,62sh
REPORTAJE,62sh
REPUBLICA,62sh
RIACHUELO,62sh
RICARDO GARCIA,62sh
RICARDO GRASSAN,62sh
RIGEL,62sh
RIMIHUE,62sh
RIO AINCO,62sh
RIO AMANCAY,62sh
RIO AMARILLO,62sh
RIO BACKER,62sh
RIO BARILOCHE,62sh
RIO BLANCO,62sh
RIO BUENO,62sh
RIO BUTALCURA,62sh
RIO CAMAHUETO,62sh
RIO CARIQUILDA,62sh
RIO CEBADAL,62sh
RIO CHAGUAL,62sh
RIO CHAMIZA,62sh
RIO CHAN CHAN,62sh
RIO CHAQUEIHUA,62sh
RIO CHEPU,62sh
RIO CHICO,62sh
RIO CISNE,62sh
RIO CISNES,62sh
RIO COCHAMO,62sh
RIO COIHUIN,62sh
RIO COLIGUAL,62sh
RIO CONTAO,62sh
RIO CORRENTOSO,62sh
RIO CULULIL,62sh
RIO CURTISS FALCON,62sh
RIO DEL ESTE,62sh
RIO EL ARCO,62sh
RIO FONTENIA,62sh
RIO FUTALEUFU,62sh
RIO GOMEZ,62sh
RIO GYPSY MOSS,62sh
RIO LA MAQUINA,62sh
RIO LENCA,62sh
RIO LLICO,62sh
RIO LOBO,62sh
RIO MANHUICO,62sh
RIO MANSO,62sh
RIO MAR,62s 62sh
RIO MARILAN,62sh
RIO MAULLIN,62sh
RIO MAYER,62sh
RIO MEDINA,62sh
RIO NADY,62sh
RIO NEGRO,62sh
RIO OROCO,62sh
RIO PANGAL,62sh
RIO PARGA,62sh
RIO PASCUA,62sh
RIO PETROHUE,62sh
RIO PEÑOL,62sh
RIO PUDETO,62sh
RIO PUELCHE,62sh
RIO PUELO,62sh
RIO PUNTIAGUDO,62sh
RIO PUPITREN,62sh
RIO QUENUIR,62sh
RIO RAHUE,62sh
RIO RALUM,62sh
RIO ROLLIZOS,62sh
RIO STHEPENS,62sh
RIO TABLILLA,62sh
RIO TAMBOR,62sh
RIO TECHADO,62sh
RIO TIGRE,62sh
RIO TRAIPEN,62sh
RIO TRAPEN,62sh
RIO VICUN,62sh
RIO VILPUN,62sh
RIO VUDUDAHUE,62sh
RIO YELI,62sh
ROA URZUA,62sh
ROBERT FULTON,62sh
ROBERT OWEN,62sh
ROBERTO MATTA,62sh
ROCALLOSAS,62sh
ROCIEL IRIGOIN OYARZUN,62sh
RODOLFO PALA NECK,62s
ROLANDO SCHMAUCK,62sh
ROMERILLO,62sh
ROMERO,62sh
ROSA DE LOS VIENTOS,62sh
ROSAMEL MUÑOZ,62s
RUBEN SCHNEIDER WEISSER,62sh
RUBEN ZAMORANO,62sh
RUFINO RODRIGUEZ,62sh
RUPANCO,62sh
RUPERTO ARAUS,62sh
RUPERTO MANCILLA,62sh
SAGRADA FAMILIA,62sh
SALDIVIA,62sh
SALESIANOS,62sh
SALINAS,62sh
SALVADOR ALLENDE,62sh
SALVADOR DALI,62s
SALVADOR ZURITA,62sh
SALVADOR ZURITA M.,62sh
SAMUEL ROMAN,62sh
SAMUEL ROMAN ROJAS,62sh
SAN ALFONSO,62sh
SAN ANDRES,62sh
SAN ANTONIO,62s 62sh
SAN ANTONIO NIETO,62sh
SAN BERNARDINO,62sh
SAN CARLOS,62sh
SAN CRISTOBAL,62sh
SAN DIEGO,62sh
SAN EUGENIO,62sh
SAN FELIPE,62sh
SAN FRANCISCO,62s 62sh
SAN FRANCISCO DE ASIS,62sh
SAN GREGORIO XVII,62sh
SAN IGNACIO,62sh
SAN IGNACIO DE LOYOLA,62sh
SAN JAVIER,62sh
SAN JOSE,62sh
SAN JUAN,62sh
SAN JUAN DE LA COSTA,62sh
SAN LUIS,62sh
SAN LUIS DE POTOSI,62s
SAN MARTIN,62sh
SAN PABLO,62sh
SAN PATRICIO,62sh
SAN PIO,62sh
SAN RAFAEL,62sh
SAN SEBASTIAN,62sh
SANDALO,62sh
SANTA CECILIA,62sh
SANTA FE,62sh
SANTA INES,62s 62sh
SANTA MARIA,62sh
SANTA TERESA,62s 62sh
SANTA TERESA DE LOS ANDES,62sh
SANTANDER,62sh
SANTIAGO,62s
SANTIAGO AMENGUAL,62sh
SANTIAGO COMPOSTELA,62sh
SANTIAGO ERNST,62sh
SANTIAGO NAHUELQUIN,62sh
SANTIAGO PLECNOVIC,62s
SANTOS ASCENCIO,62sh
SARGENTO ALDEA,62s
SARGENTO CANDELARIA,62sh
SARGENTO COLIPI,62sh
SARGENTO SILVA,62sh
SARMIENTO,62sh
SATURNINO ANDRADE,62sh
SATURNO,62sh
SCHEINER,62sh
SCHWERTER,62sh
SEBASTIAN EL CANO,62sh
SEGUNDO FUENTEALBA,62sh
SEMINARIO,62sh
SEPTIMO DE LINEA,62sh
SERENA,62sh
SERPENTINTA,62sh
SERRANO,62sh
SIERRA DEL SILENCIO,62sh
SIERRA NEVADA,62sh
SIETE,62sh
SILVESTRE,62sh
SIMON CORDOVES,62sh
SIMON CORDOVEZ,62sh
SIMON GONZALEZ,62sh
SIN NOMBRE,62s 62sh
SIN NOMBRE EX LINEA FERREA,62sh
SIRIUS,62sh
SKROUPPA,62sh
SOFIA,62sh
SOL DE GRANADA,62sh
SOLIDARIDAD,62sh
SOTAVENTO - NUEVA 10,62sh
SOTOMAYOR,62sh
SPICA,62sh
STANGE,62sh
SUR,62sh
SUYAI,62sh
TABON,62sh
TAC,62sh
TALABARTEROS,62sh
TALCA,62sh
TALCAHUANO,62sh
TALLADORES,62sh
TALTAL,62sh
TANTAUCO,62sh
TEGUALDA,62sh
TEN-TEN,62sh
TENAUN,62sh
TENGLO,62sh
TENIENTE MERINO,62sh
TEPUAL,62sh
TERESA DE CALCUTA,62sh
TIERRA DEL FUEGO,62sh
TITAN,62sh
TOCAYHUE,62sh
TOCOPILLA,62sh
TOLEDO,62sh
TOLTEN,62sh
TOMAS EDISON,62sh
TOME,62sh
TONGOY,62sh
TOPACIO,62sh
TORRE VIEJA,62sh
TORREBLANCA,62sh
TORRES DEL PAINE,62sh
TRANSVERSAL 1,62sh
TRANSVERSAL 2,62sh
TRANSVERSAL 3,62sh
TRANSVERSAL 4,62sh
TRANSVERSAL 5,62sh
TRANSVERSAL LA VARA 2,62sh
TRANSVERSAL LA VARA 3,62sh
TRAPEN,62s
TRAUMEN,62sh
TREBOL DE AGUA,62sh
TRENTINO,62sh
TRIGAL,62sh
TRONADOR,62sh
TRUMAO,62sh
TUCAPEL,62sh
TUCAPEL JIMENEZ,62sh
TULAPALCA,62sh
TULIO BAGNARA M.,62sh
TURMALINA,62sh
TURQUESA,62sh
UMBRIA,62sh
UNIDOS,62sh
UNO,62sh
UNO NORTE,62sh
URBANO VIII,62sh
URMENETA,62sh
URRIOLA,62sh
URUGUAY,62sh
VALDIVIA,62sh
VALENCIA,62sh
VALENTIN VIDAL,62sh
VALENZUELA LLANOS,62sh
VALENZUELA PUELMA,62sh
VALLADOLID,62sh
VALLE VERDE,62sh
VALPARAISO,62s
VAPOR VALDIVIA,62sh
VARA DE ORO,62sh
VASCO NUÑEZ DE BALBOA,62sh
VEGA,62sh
VELERO AUGUSTO,62sh
VELERO KARMAR,62sh
VELERO SUSANA,62sh
VELERO VICTORIA,62sh
VENANCIA ELGUETA,62sh
VENTANAS,62sh
VENUS,62sh
VERDAD,62sh
VERGEL,62sh
VIA ANTARTICA,62sh
VIA ARTICA,62sh
VIA ATLANTICA,62sh
VIA AZUL,62sh
VIA BETHOVEN,62s
VIA CHOPIN,62s
VIA DEL MEDITERRANEO,62sh
VIA LACTEA,62sh
VIA MILANESA,62sh
VIA MOZART,62s
VIA ROMANA,62sh
VIA VERDI,62s
VIA VIVALDI,62s
VIA WAGNER,62s
VIAL,62sh
VIALIDAD INTERIOR 2,62sh
VIALIDAD INTERIOR 4,62sh
VIALIDAD INTERIOR 5,62sh
VIALIDAD INTERIOR 6,62sh
VIALIDAD INTERIOR 7,62sh
VIALIDAD INTERIOR 8,62sh
VICENT VAN GOGH,62s
VICENTE LOBOS,62sh
VICENTE PEREZ ROSALES,62sh
VICENTE YAÑEZ PINZON,62sh
VICTOR DOMINGO SILVA,62sh
VICTOR JARA MARTINEZ,62sh
VICTOR TEVAH TELLIAS,62sh
VICTORIA,62sh
VICTORIA SUBERCASEAUX,62sh
VICUÑA MACKENNA,62sh
VILCUN,62sh
VILLA DE MADRID,62sh
VILLA LOS OJEDA,62s
VILLA PADRE HARTER,62sh
VINCA,62sh
VINCENT VAN GOGH,62s
VIOLETA PARRA,62sh
VISTA AL MAR,62s
VISTA HERMOSA,62sh
VISVIRI,62sh
VITACURA,62sh
VITIVINICOLA BELLACAVE,62sh
VIVAR,62sh
VOLCAN ANTUCO,62sh
VOLCAN APAGADO,62sh
VOLCAN ARACAR,62sh
VOLCAN CALBUCO,62sh
VOLCAN CALLAQUEN,62sh
VOLCAN CARRAU,62sh
VOLCAN CASABLANCA,62sh
VOLCAN CHOSHUENCO,62sh
VOLCAN COPAHUE,62sh
VOLCAN COPIAPO,62sh
VOLCAN CORCOVADO,62sh
VOLCAN DOMUYO,62sh
VOLCAN GUALLATIRI,62sh
VOLCAN HORNOPIREN,62sh
VOLCAN HUDSON,62sh
VOLCAN HUEQUI,62sh
VOLCAN ISLUGA,62sh
VOLCAN LASCAR,62sh
VOLCAN LLAIMA,62sh
VOLCAN LLULLAILLACO,62sh
VOLCAN LONQUIMAY,62sh
VOLCAN MAIPO,62sh
VOLCAN MICHIMAHUIDA,62sh
VOLCAN MICHIMAVIDA,62sh
VOLCAN MINO,62sh
VOLCAN NEVADO,62sh
VOLCAN OLLAGUE,62sh
VOLCAN OSORNO,62sh
VOLCAN PALOMO,62sh
VOLCAN PARINACOTA,62sh
VOLCAN PETEROA,62sh
VOLCAN POMERAPE,62sh
VOLCAN PUNTIAGUDO,62sh
VOLCAN PUYEHUE,62sh
VOLCAN QUETRUPILLAN,62sh
VOLCAN QUIZAPU,62sh
VOLCAN RECLUTA,62sh
VOLCAN SOCOMPA,62sh
VOLCAN TACORA,62sh
VOLCAN TATIO,62sh
VOLCAN TIANTELES,62sh
VOLCAN TOLHUACA,62sh
VOLCAN TRONADOR,62sh
VOLCAN TUPUNGATO,62sh
VOLCAN VILLARRICA,62sh
WASSILY KAN DINSKY,62s
WAYWEN,62sh
WILLIAM SYMINGTON,62sh
YARANA,62s 62sh
YATES,62sh
YELCHO,62sh
YERBAS BUENAS,62sh
YUNGAY,62sh
ZAFIRO AZUL,62sh
ZAPALLAR,62sh
ZARAGOZA,62sh
ÑUBLE,62sh
,62 62s 62sh
